crop,soil_moisture,soil_ph,temperature,humidity,rainfall,recommendation
Rice,15,6.5,32,60,0,urgent_irrigation
Rice,18,6.4,31,62,1,urgent_irrigation
Rice,20,6.6,33,58,0,urgent_irrigation
Rice,22,6.5,30,65,2,urgent_irrigation
Rice,25,6.7,31,64,3,urgent_irrigation
Rice,28,6.5,30,68,4,moderate_irrigation
Rice,32,6.4,29,70,5,moderate_irrigation
Rice,35,6.6,30,72,6,moderate_irrigation
Rice,40,6.5,28,74,8,moderate_irrigation
Rice,45,6.7,29,75,10,moderate_irrigation
Rice,50,6.6,28,78,12,delay_watering
Rice,55,6.5,27,80,15,delay_watering
Rice,60,6.7,27,82,18,delay_watering
Rice,65,6.6,26,84,20,delay_watering
Rice,70,6.5,26,85,25,delay_watering
Tomato,15,6.2,33,55,0,urgent_irrigation
Tomato,20,6.3,32,58,1,urgent_irrigation
Tomato,25,6.1,31,60,2,urgent_irrigation
Tomato,30,6.2,30,65,4,moderate_irrigation
Tomato,35,6.3,29,68,5,moderate_irrigation
Tomato,40,6.2,28,70,7,moderate_irrigation
Tomato,45,6.4,28,72,9,moderate_irrigation
Tomato,50,6.3,27,75,12,delay_watering
Tomato,55,6.2,27,78,15,delay_watering
Tomato,60,6.4,26,80,18,delay_watering
Tomato,65,6.3,26,82,20,delay_watering
Potato,15,5.8,30,55,0,urgent_irrigation
Potato,20,5.9,31,58,1,urgent_irrigation
Potato,25,5.8,30,60,2,urgent_irrigation
Potato,30,5.9,29,65,4,moderate_irrigation
Potato,35,6.0,28,68,5,moderate_irrigation
Potato,40,5.9,28,70,7,moderate_irrigation
Potato,45,6.0,27,72,9,moderate_irrigation
Potato,50,5.9,27,75,12,delay_watering
Potato,55,5.8,26,78,15,delay_watering
Potato,60,5.9,26,80,18,delay_watering
Potato,65,6.0,25,82,20,delay_watering
Wheat,15,6.5,28,50,0,urgent_irrigation
Wheat,20,6.4,29,55,1,urgent_irrigation
Wheat,25,6.6,28,58,2,urgent_irrigation
Wheat,30,6.5,27,62,4,moderate_irrigation
Wheat,35,6.4,27,65,5,moderate_irrigation
Wheat,40,6.5,26,68,7,moderate_irrigation
Wheat,45,6.6,26,70,9,moderate_irrigation
Wheat,50,6.5,25,74,12,delay_watering
Wheat,55,6.4,25,76,15,delay_watering
Wheat,60,6.6,24,80,18,delay_watering
Wheat,65,6.5,24,82,20,delay_watering